id,information,raw_response
2444918,"[Basic information]
Sex: Female
Age: 69.0
Ethnic background: British
Qualifications: Other professional qualifications
Townsend deprivation index at recruitment: -2.2539
Body mass index (BMI): 23.6466
Sleep duration: 5.0
Smoking status: Previous
Summed MET minutes per week for all activity: 1173.0
[Family history]
Illnesses of father: Unknown
Illnesses of mother: Severe depression
[Processed Staple Foods]
Type of sliced bread eaten: mixed
Sliced bread intake: 1 slice
Garlic bread intake: 3 slice

[alcoholic]
Size of red wine glass drunk: small (125ml)
Alcohol consumed: Yes
Red wine intake: 3 cup

[beverages]
Drinking water intake: 2 glass(125ml)
Pure fruit/vegetable juice intake: half glass(125ml)
Standard tea intake: 2 cup

[milk products]
Type milk consumed: semiskimmed

[egg ]
Whole egg intake: 1 egg

[Supplementary reagents]
Vitamin and/or mineral supplement use: Fish oil

[sauce]
Types of spreads/sauces consumed: Jam/honey
Type of fat/oil used in cooking: Olive oil

[red meat]
Beef intake: 1 serving
Ham intake: 2 slice

[nan]
Vitamin supplement user: Yes

[fruit and vegetables]
Fried potatoes intake: 1 serving
Mixed vegetable intake: half serving
Side salad intake: 1 serving
Celery intake: quarter stick
Garlic intake: quarter clove
Lettuce intake: half serving
Mushroom intake: half serving
Pea intake: half serving
Sweet pepper intake: half (whole) pepper
Fresh tomato intake: 1 medium tomato
Tinned tomato intake: 1 serving
Watercress intake: 1 serving
Melon intake: 1 serving
Pineapple intake: 1 serving
[health information]
Waist circumference:83.0 cm, Hip circumference:93.0 cm, Whole body fat mass:24.1 kg, Diastolic blood pressure:84.0 mmHg, Systolic blood pressure:153.0 mmHg, Albumin:46.41 g/L, Alanine aminotransferase:28.96 U/L, Cholesterol:5.94 mmol/L, Creatinine:58.6 umol/L, C-reactive protein:2.22 mg/L, Glucose:5.673 mmol/L, Glycated haemoglobin (HbA1c):30.4 mmol/mol, HDL cholesterol:1.5 mmol/L, LDL direct:3.763 mmol/L, Lipoprotein A:23.5 nmol/L, Triglycerides:1.336 mmol/L, Urate:254.2 umol/L, Vitamin D:37.9 nmol/L.","{""overall_score"": 58}"
2265782,"[Basic information]
Sex: Male
Age: 42.0
Ethnic background: British
Qualifications: O levels/GCSEs or equivalent
Townsend deprivation index at recruitment: 1.42662
Body mass index (BMI): 20.5591
Sleep duration: 8.0
Smoking status: Never
Summed MET minutes per week for all activity: 1280.0
[Family history]
Illnesses of father: Heart disease
Illnesses of mother: Parkinson's disease
[Processed Staple Foods]
Types of spread used on bread/crackers: Butter on bread/crackers
Type of sliced bread eaten: white
Thickness of butter/margarine spread on sliced bread: medium
Sliced bread intake: 3 slice
Number of bread slices with butter/margarine: 3 slice

[beverages]
Drinking water intake: 4 glass(125ml)
Fizzy drink intake: half glass(125ml)
Other tea intake: 3 cup

[alcoholic]
Alcohol consumed: No

[cereal]
Whole-wheat cereal intake: 1 bowl

[milk products]
Type milk consumed: wholemilk

[sauce]
Types of spreads/sauces consumed: Other sauce
Type of fat/oil used in cooking: Sunflower oil

[nan]
Type of meals eaten: Home cooked meals
Vitamin supplement user: No

[chocolate]
Milk chocolate intake: half bar (~50g)

[snacks]
Chocolate-covered biscuits intake: 2 biscuit

[nut]
Salted peanuts intake: 1 handful

[red meat]
Bacon intake: 3 rasher

[fish]
Oily fish intake: 2 serving
Breaded fish intake: 2 serving

[fruit and vegetables]
Mashed potato intake: 2 serving
Side salad intake: 1 serving
Mushroom intake: quarter serving
[health information]
Waist circumference:78.0 cm, Hip circumference:101.0 cm, Whole body fat mass:10.5 kg, Diastolic blood pressure:68.0 mmHg, Systolic blood pressure:107.0 mmHg, Albumin:nan g/L, Alanine aminotransferase:nan U/L, Cholesterol:nan mmol/L, Creatinine:nan umol/L, C-reactive protein:nan mg/L, Glucose:nan mmol/L, Glycated haemoglobin (HbA1c):36.8 mmol/mol, HDL cholesterol:nan mmol/L, LDL direct:nan mmol/L, Lipoprotein A:nan nmol/L, Triglycerides:nan mmol/L, Urate:nan umol/L, Vitamin D:nan nmol/L.","{""overall_score"": 62}"
2848581,"[Basic information]
Sex: Male
Age: 57.0
Ethnic background: British
Qualifications: College or University degree
Townsend deprivation index at recruitment: -1.68615
Body mass index (BMI): 26.0845
Sleep duration: 7.0
Smoking status: Never
Summed MET minutes per week for all activity: 7332.0
[Family history]
Illnesses of father: Unknown
Illnesses of mother: Diabetes
[Processed Staple Foods]
Type of sliced bread eaten: mixed
Thickness of butter/margarine spread on sliced bread: thin
Sliced bread intake: 4 slice
Number of bread slices with butter/margarine: 4 slice

[beverages]
Drinking water intake: 4 glass(125ml)
Squash intake: 1 glass(125ml)
Instant coffee intake: 2 cup
Decaffeinated coffee: Yes
Intake of sugar added to coffee: 1 teaspoon of sugar
Standard tea intake: 4 cup

[alcoholic]
Alcohol consumed: No

[cereal]
Whole-wheat cereal intake: 1 bowl
Intake of sugar added to cereal: 1 teaspoon of sugar, jam, honey or syrup

[milk products]
Type milk consumed: semiskimmed
Hard cheese intake: 2 serving

[sauce]
Types of spreads/sauces consumed: Mayonnaise
Type of fat/oil used in cooking: Vegetable oil

[nan]
Type of meals eaten: Home cooked meals
Vitamin supplement user: No

[dessert]
Other dessert intake: 1 individual pot or serving

[fish]
White fish intake: half serving

[fruit and vegetables]
Boiled/baked potatoes intake: 2 serving
Mushroom intake: 1 serving
Pea intake: 1 serving
Apple intake: 1 apple
Banana intake: 1 banana
Berry intake: 1 handful
Grape intake: half handful
[health information]
Waist circumference:93.0 cm, Hip circumference:102.0 cm, Whole body fat mass:17.4 kg, Diastolic blood pressure:69.0 mmHg, Systolic blood pressure:113.0 mmHg, Albumin:47.64 g/L, Alanine aminotransferase:35.44 U/L, Cholesterol:4.846 mmol/L, Creatinine:91.7 umol/L, C-reactive protein:0.86 mg/L, Glucose:3.915 mmol/L, Glycated haemoglobin (HbA1c):38.2 mmol/mol, HDL cholesterol:0.949 mmol/L, LDL direct:3.011 mmol/L, Lipoprotein A:19.62 nmol/L, Triglycerides:2.896 mmol/L, Urate:300.6 umol/L, Vitamin D:55.5 nmol/L.","{""overall_score"": 68}"
4828531,"[Basic information]
Sex: Female
Age: 45.0
Ethnic background: British
Qualifications: College or University degree
Townsend deprivation index at recruitment: -3.65642
Body mass index (BMI): 26.2124
Sleep duration: 7.0
Smoking status: Never
Summed MET minutes per week for all activity: 1370.0
[Family history]
Illnesses of father: Unknown
Illnesses of mother: High blood pressure
[beverages]
Drinking water intake: 4 glass(125ml)
Fruit smoothie intake: 1 glass(125ml)
Herbal tea intake: 3 cup

[alcoholic]
Alcohol consumed: No

[cereal]
Muesli intake: 1 bowl

[milk products]
Type milk consumed: rice/oat/vegetable milk
Goats cheese intake: 1 serving

[Processed Staple Foods]
Crispbread intake: 2 cracker
White rice intake: 1 serving

[nan]
Type of meals eaten: Home cooked meals
Vitamin supplement user: No

[nut]
Crisp intake: 1 small bag

[white meat]
Poultry intake: 1 serving

[fish]
Oily fish intake: 1 serving

[sauce]
No fat for cooking: Yes

[fruit and vegetables]
Baked bean intake: half serving
Vegetable pieces intake: half serving
Lettuce intake: half serving
Banana intake: 1 banana
Cherry intake: 1 handful
[health information]
Waist circumference:76.0 cm, Hip circumference:101.0 cm, Whole body fat mass:21.7 kg, Diastolic blood pressure:83.0 mmHg, Systolic blood pressure:125.0 mmHg, Albumin:45.4 g/L, Alanine aminotransferase:25.63 U/L, Cholesterol:4.508 mmol/L, Creatinine:62.6 umol/L, C-reactive protein:0.84 mg/L, Glucose:4.521 mmol/L, Glycated haemoglobin (HbA1c):28.9 mmol/mol, HDL cholesterol:0.996 mmol/L, LDL direct:3.013 mmol/L, Lipoprotein A:18.19 nmol/L, Triglycerides:1.034 mmol/L, Urate:263.0 umol/L, Vitamin D:70.4 nmol/L.","{""overall_score"": 76}"
3137558,"[Basic information]
Sex: Female
Age: 41.0
Ethnic background: British
Qualifications: College or University degree
Townsend deprivation index at recruitment: -3.74637
Body mass index (BMI): 28.2667
Sleep duration: 9.0
Smoking status: Never
Summed MET minutes per week for all activity: 645.0
[Family history]
Illnesses of father: Unknown
Illnesses of mother: Diabetes
[Processed Staple Foods]
Type of sliced bread eaten: mixed
Thickness of butter/margarine spread on sliced bread: medium
Sliced bread intake: 2 slice
Number of bread slices with butter/margarine: 2 slice
White rice intake: 1 serving

[beverages]
Standard tea intake: 5 cup
Milk intake: 1 glass(125ml)

[alcoholic]
Alcohol consumed: No

[cereal]
Oat crunch intake: 1 bowl

[milk products]
Type milk consumed: semiskimmed
Low fat hard cheese intake: 1 serving
Type of yogurt eaten: Low fat yogurt consumers
Yogurt intake: 1 individual pot or serving

[Supplementary reagents]
Vitamin and/or mineral supplement use: Vitamin C

[sauce]
Types of spreads/sauces consumed: Hummus
Type of fat/oil used in cooking: Olive oil

[nan]
Type of meals eaten: Home cooked meals
Vitamin supplement user: Yes

[snacks]
Chocolate-covered biscuits intake: 1 biscuit

[nut]
Crisp intake: 1 small bag

[white meat]
Poultry intake: 1 serving

[fruit and vegetables]
Vegetable pieces intake: 1 serving
Coleslaw intake: 1 serving
Carrot intake: half serving
Cucumber intake: quarter inch
Sweet pepper intake: half (whole) pepper
Fresh tomato intake: 1 medium tomato
Banana intake: 1 banana
Plum intake: 1 plum
[health information]
Waist circumference:87.0 cm, Hip circumference:99.0 cm, Whole body fat mass:22.2 kg, Diastolic blood pressure:70.0 mmHg, Systolic blood pressure:127.0 mmHg, Albumin:nan g/L, Alanine aminotransferase:nan U/L, Cholesterol:nan mmol/L, Creatinine:nan umol/L, C-reactive protein:nan mg/L, Glucose:nan mmol/L, Glycated haemoglobin (HbA1c):42.3 mmol/mol, HDL cholesterol:nan mmol/L, LDL direct:nan mmol/L, Lipoprotein A:nan nmol/L, Triglycerides:nan mmol/L, Urate:nan umol/L, Vitamin D:nan nmol/L.","{""overall_score"": 68}"
